icrisat_code_a,icrisat_code_b,parent_name,child_name,state,split_year,event_type,confidence
1.0,1.0,Durg,Durg,Chhattisgarh,,IDENTITY,1.0
2.0,2.0,Bastar,Bastar,Chhattisgarh,,IDENTITY,1.0
3.0,3.0,Raipur,Raipur,Chhattisgarh,,IDENTITY,1.0
4.0,4.0,Bilaspur,Bilaspur,Chhattisgarh,,IDENTITY,1.0
5.0,5.0,Raigarh,Raigarh,Chhattisgarh,,IDENTITY,1.0
6.0,6.0,Surguja,Surguja,Chhattisgarh,,IDENTITY,1.0
7.0,7.0,Jabalpur,Jabalpur,Madhya Pradesh,,IDENTITY,1.0
8.0,8.0,Balaghat,Balaghat,Madhya Pradesh,,IDENTITY,1.0
9.0,9.0,Chhindwara,Chhindwara,Madhya Pradesh,,IDENTITY,1.0
10.0,10.0,Narsinghpur,Narsinghpur,Madhya Pradesh,,IDENTITY,1.0
11.0,11.0,Seoni / Shivani,Seoni,Madhya Pradesh,,RENAME,1.0
12.0,12.0,Mandla,Mandla,Madhya Pradesh,,IDENTITY,1.0
13.0,13.0,Sagar,Sagar,Madhya Pradesh,,IDENTITY,1.0
14.0,14.0,Damoh,Damoh,Madhya Pradesh,,IDENTITY,1.0
15.0,15.0,Tikamgarh,Tikamgarh,Madhya Pradesh,,IDENTITY,1.0
16.0,16.0,Chhatarpur,Chhatarpur,Madhya Pradesh,,IDENTITY,1.0
17.0,17.0,Panna,Panna,Madhya Pradesh,,IDENTITY,1.0
18.0,18.0,Rewa,Rewa,Madhya Pradesh,,IDENTITY,1.0
19.0,19.0,Sidhi,Sidhi,Madhya Pradesh,,IDENTITY,1.0
20.0,20.0,Satna,Satna,Madhya Pradesh,,IDENTITY,1.0
21.0,21.0,Shahdol,Shahdol,Madhya Pradesh,,IDENTITY,1.0
22.0,22.0,Gwalior,Gwalior,Madhya Pradesh,,IDENTITY,1.0
23.0,23.0,Shivpuri,Shivpuri,Madhya Pradesh,,IDENTITY,1.0
24.0,24.0,Guna,Guna,Madhya Pradesh,,IDENTITY,1.0
25.0,25.0,Datia,Datia,Madhya Pradesh,,IDENTITY,1.0
26.0,26.0,Morena,Morena,Madhya Pradesh,,IDENTITY,1.0
27.0,27.0,Bhind,Bhind,Madhya Pradesh,,IDENTITY,1.0
28.0,28.0,Indore,Indore,Madhya Pradesh,,IDENTITY,1.0
29.0,29.0,Ratlam,Ratlam,Madhya Pradesh,,IDENTITY,1.0
30.0,30.0,Ujjain,Ujjain,Madhya Pradesh,,IDENTITY,1.0
31.0,31.0,Mandsaur,Mandsaur,Madhya Pradesh,,IDENTITY,1.0
32.0,32.0,Dewas,Dewas,Madhya Pradesh,,IDENTITY,1.0
33.0,33.0,Dhar,Dhar,Madhya Pradesh,,IDENTITY,1.0
34.0,34.0,Jhabua,Jhabua,Madhya Pradesh,,IDENTITY,1.0
35.0,35.0,Khargone / West Nimar,Khargone,Madhya Pradesh,,RENAME,1.0
36.0,36.0,Khandwa / East Nimar,Khandwa,Madhya Pradesh,,RENAME,1.0
37.0,37.0,Sehore,Sehore,Madhya Pradesh,,IDENTITY,1.0
38.0,38.0,Raisen,Raisen,Madhya Pradesh,,IDENTITY,1.0
39.0,39.0,Vidisha,Vidisha,Madhya Pradesh,,IDENTITY,1.0
40.0,40.0,Betul,Betul,Madhya Pradesh,,IDENTITY,1.0
41.0,41.0,Rajgarh,Rajgarh,Madhya Pradesh,,IDENTITY,1.0
42.0,42.0,Shajapur,Shajapur,Madhya Pradesh,,IDENTITY,1.0
43.0,43.0,Hoshangabad,Hoshangabad,Madhya Pradesh,,IDENTITY,1.0
44.0,44.0,Srikakulam,Srikakulam,Andhra Pradesh,,IDENTITY,1.0
45.0,45.0,Visakhapatnam,Visakhapatnam,Andhra Pradesh,,IDENTITY,1.0
46.0,46.0,East Godavari,East Godavari,Andhra Pradesh,,IDENTITY,1.0
47.0,47.0,West Godavari,West Godavari,Andhra Pradesh,,IDENTITY,1.0
48.0,48.0,Krishna,Krishna,Andhra Pradesh,,IDENTITY,1.0
49.0,49.0,Guntur,Guntur,Andhra Pradesh,,IDENTITY,1.0
50.0,50.0,S.P.S. Nellore,S.P.S.Nellore,Andhra Pradesh,,RENAME,1.0
51.0,51.0,Kurnool,Kurnool,Andhra Pradesh,,IDENTITY,1.0
52.0,52.0,Ananthapur,Anantapur,Andhra Pradesh,,RENAME,1.0
53.0,53.0,Kadapa YSR,Kadapa YSR,Andhra Pradesh,,IDENTITY,1.0
54.0,54.0,Chittoor,Chittoor,Andhra Pradesh,,IDENTITY,1.0
55.0,55.0,Hyderabad,Hyderabad,Telangana,,IDENTITY,1.0
56.0,56.0,Nizamabad,Nizamabad,Telangana,,IDENTITY,1.0
57.0,57.0,Medak,Medak,Telangana,,IDENTITY,1.0
58.0,58.0,Mahabubnagar,Mahabubnagar,Telangana,,IDENTITY,1.0
59.0,59.0,Nalgonda,Nalgonda,Telangana,,IDENTITY,1.0
60.0,60.0,Warangal,Warangal,Telangana,,IDENTITY,1.0
61.0,61.0,Khammam,Khammam,Telangana,,IDENTITY,1.0
62.0,62.0,Karimnagar,Karimnagar,Telangana,,IDENTITY,1.0
63.0,63.0,Adilabad,Adilabad,Telangana,,IDENTITY,1.0
65.0,65.0,Kolar,Kolar,Karnataka,,IDENTITY,1.0
66.0,66.0,Tumkur,Tumkur,Karnataka,,IDENTITY,1.0
67.0,67.0,Mysore,Mysore,Karnataka,,IDENTITY,1.0
68.0,68.0,Mandya,Mandya,Karnataka,,IDENTITY,1.0
69.0,69.0,Hassan,Hassan,Karnataka,,IDENTITY,1.0
70.0,70.0,Shimoge,Shimoge,Karnataka,,IDENTITY,1.0
71.0,71.0,Chickmagalur,Chickmagalur,Karnataka,,IDENTITY,1.0
72.0,72.0,Chitradurga,Chitradurga,Karnataka,,IDENTITY,1.0
73.0,73.0,Bellary,Bellary,Karnataka,,IDENTITY,1.0
74.0,74.0,Dharwad,Dharwad,Karnataka,,IDENTITY,1.0
75.0,75.0,Belgaum,Belgaum,Karnataka,,IDENTITY,1.0
76.0,76.0,Bijapur / Vijayapura,Bijapur,Karnataka,,RENAME,1.0
77.0,77.0,Bidar,Bidar,Karnataka,,IDENTITY,1.0
78.0,78.0,Raichur,Raichur,Karnataka,,IDENTITY,1.0
79.0,79.0,Gulbarga / Kalaburagi,Gulbarga,Karnataka,,RENAME,1.0
80.0,80.0,Dakshina Kannada,Dakshina Kannada,Karnataka,,IDENTITY,1.0
81.0,81.0,Uttara Kannada,Uttara Kannada,Karnataka,,IDENTITY,1.0
82.0,82.0,Kodagu / Coorg,Kodagu,Karnataka,,RENAME,1.0
83.0,83.0,Chengalpattu MGR / Kanchipuram,Kancheepuram,Tamil Nadu,,RENAME,1.0
84.0,84.0,South Arcot / Cuddalore,South Arcot Cuddalore,Tamil Nadu,,RENAME,1.0
85.0,85.0,North Arcot / Vellore,North Arcot Vellore,Tamil Nadu,,RENAME,1.0
86.0,86.0,Salem,Salem,Tamil Nadu,,IDENTITY,1.0
87.0,87.0,Coimbatore,Coimbatore,Tamil Nadu,,IDENTITY,1.0
88.0,88.0,Tiruchirapalli / Trichy,Tiruchirapalli Trichy,Tamil Nadu,,RENAME,1.0
89.0,89.0,Thanjavur,Thanjavur,Tamil Nadu,,IDENTITY,1.0
90.0,90.0,Madurai,Madurai,Tamil Nadu,,IDENTITY,1.0
91.0,91.0,Ramananthapuram,Ramananthapuram,Tamil Nadu,,IDENTITY,1.0
92.0,92.0,Thirunelveli,Thirunelveli,Tamil Nadu,,IDENTITY,1.0
93.0,93.0,The Nilgiris,The Nilgiris,Tamil Nadu,,IDENTITY,1.0
94.0,94.0,Kanyakumari,Kanyakumari,Tamil Nadu,,IDENTITY,1.0
96.0,96.0,Thane,Thane,Maharashtra,,IDENTITY,1.0
97.0,97.0,Raigad,Raigarh,Maharashtra,,RENAME,1.0
98.0,98.0,Ratnagiri,Ratnagiri,Maharashtra,,IDENTITY,1.0
99.0,99.0,Nasik,Nasik,Maharashtra,,IDENTITY,1.0
100.0,100.0,Dhule,Dhule,Maharashtra,,IDENTITY,1.0
101.0,101.0,Jalgaon,Jalgaon,Maharashtra,,IDENTITY,1.0
102.0,102.0,Ahmednagar,Ahmednagar,Maharashtra,,IDENTITY,1.0
103.0,103.0,Pune,Pune,Maharashtra,,IDENTITY,1.0
104.0,104.0,Satara,Satara,Maharashtra,,IDENTITY,1.0
105.0,105.0,Sangli,Sangli,Maharashtra,,IDENTITY,1.0
106.0,106.0,Solapur,Solapur,Maharashtra,,IDENTITY,1.0
107.0,107.0,Kolhapur,Kolhapur,Maharashtra,,IDENTITY,1.0
108.0,108.0,Aurangabad,Aurangabad,Maharashtra,,IDENTITY,1.0
109.0,109.0,Parbhani,Parbhani,Maharashtra,,IDENTITY,1.0
110.0,110.0,Beed,Bid,Maharashtra,,RENAME,1.0
111.0,111.0,Nanded,Nanded,Maharashtra,,IDENTITY,1.0
112.0,112.0,Osmanabad,Osmanabad,Maharashtra,,IDENTITY,1.0
113.0,113.0,Buldhana,Buldhana,Maharashtra,,IDENTITY,1.0
114.0,114.0,Akola,Akola,Maharashtra,,IDENTITY,1.0
115.0,115.0,Amarawati,Amarawati,Maharashtra,,IDENTITY,1.0
116.0,116.0,Yeotmal,Yeotmal,Maharashtra,,IDENTITY,1.0
117.0,117.0,Wardha,Wardha,Maharashtra,,IDENTITY,1.0
118.0,118.0,Nagpur,Nagpur,Maharashtra,,IDENTITY,1.0
119.0,119.0,Bhandara,Bhandara,Maharashtra,,IDENTITY,1.0
120.0,120.0,Chandrapur,Chandrapur,Maharashtra,,IDENTITY,1.0
121.0,121.0,Ahmedabad,Ahmedabad,Gujarat,,IDENTITY,1.0
122.0,122.0,Amreli,Amreli,Gujarat,,IDENTITY,1.0
123.0,123.0,Banaskantha,Banaskantha,Gujarat,,IDENTITY,1.0
124.0,124.0,Bharuch,Bharuch,Gujarat,,IDENTITY,1.0
125.0,125.0,Vadodara / Baroda,Vadodara,Gujarat,,RENAME,1.0
126.0,126.0,Bhavnagar,Bhavnagar,Gujarat,,IDENTITY,1.0
127.0,127.0,Valsad,Valsad,Gujarat,,IDENTITY,1.0
128.0,128.0,Dangs,Dangs,Gujarat,,IDENTITY,1.0
129.0,129.0,Jamnagar,Jamnagar,Gujarat,,IDENTITY,1.0
130.0,130.0,Junagadh,Junagadh,Gujarat,,IDENTITY,1.0
131.0,131.0,Kheda,Kheda,Gujarat,,IDENTITY,1.0
132.0,132.0,Kutch,Kutch,Gujarat,,IDENTITY,1.0
133.0,133.0,Mehsana,Mehsana,Gujarat,,IDENTITY,1.0
134.0,134.0,Panchmahal,Panchmahal,Gujarat,,IDENTITY,1.0
135.0,135.0,Rajkot,Rajkot,Gujarat,,IDENTITY,1.0
136.0,136.0,Sabarkantha,Sabarkantha,Gujarat,,IDENTITY,1.0
137.0,137.0,Surat,Surat,Gujarat,,IDENTITY,1.0
138.0,138.0,Surendranagar,Surendranagar,Gujarat,,IDENTITY,1.0
139.0,139.0,Ajmer,Ajmer,Rajasthan,,IDENTITY,1.0
140.0,140.0,Alwar,Alwar,Rajasthan,,IDENTITY,1.0
141.0,141.0,Banswara,Banswara,Rajasthan,,IDENTITY,1.0
142.0,142.0,Barmer,Barmer,Rajasthan,,IDENTITY,1.0
143.0,143.0,Bharatpur,Bharatpur,Rajasthan,,IDENTITY,1.0
144.0,144.0,Bhilwara,Bhilwara,Rajasthan,,IDENTITY,1.0
145.0,145.0,Bikaner,Bikaner,Rajasthan,,IDENTITY,1.0
146.0,146.0,Bundi,Bundi,Rajasthan,,IDENTITY,1.0
147.0,147.0,Chittorgarh,Chittorgarh,Rajasthan,,IDENTITY,1.0
148.0,148.0,Churu,Churu,Rajasthan,,IDENTITY,1.0
149.0,149.0,Dungarpur,Dungarpur,Rajasthan,,IDENTITY,1.0
150.0,150.0,Ganganagar,Ganganagar,Rajasthan,,IDENTITY,1.0
151.0,151.0,Jaipur,Jaipur,Rajasthan,,IDENTITY,1.0
152.0,152.0,Jaisalmer,Jaisalmer,Rajasthan,,IDENTITY,1.0
153.0,153.0,Jalore,Jalore,Rajasthan,,IDENTITY,1.0
154.0,154.0,Jhalawar,Jhalawar,Rajasthan,,IDENTITY,1.0
155.0,155.0,Jhunjhunu,Jhunjhunu,Rajasthan,,IDENTITY,1.0
156.0,156.0,Jodhpur,Jodhpur,Rajasthan,,IDENTITY,1.0
157.0,157.0,Kota,Kota,Rajasthan,,IDENTITY,1.0
158.0,158.0,Nagaur,Nagaur,Rajasthan,,IDENTITY,1.0
159.0,159.0,Pali,Pali,Rajasthan,,IDENTITY,1.0
160.0,160.0,Swami Madhopur,Swami Madhopur,Rajasthan,,IDENTITY,1.0
161.0,161.0,Sikar,Sikar,Rajasthan,,IDENTITY,1.0
162.0,162.0,Sirohi,Sirohi,Rajasthan,,IDENTITY,1.0
163.0,163.0,Tonk,Tonk,Rajasthan,,IDENTITY,1.0
164.0,164.0,Udaipur,Udaipur,Rajasthan,,IDENTITY,1.0
165.0,165.0,Gurdaspur,Gurdaspur,Punjab,,IDENTITY,1.0
166.0,166.0,Amritsar,Amritsar,Punjab,,IDENTITY,1.0
167.0,167.0,Kapurthala,Kapurthala,Punjab,,IDENTITY,1.0
168.0,168.0,Jalandhar,Jalandhar,Punjab,,IDENTITY,1.0
169.0,169.0,Hoshiarpur,Hoshiarpur,Punjab,,IDENTITY,1.0
170.0,170.0,Roopnagar / Ropar,Roopnagar,Punjab,,RENAME,1.0
171.0,171.0,Ludhiana,Ludhiana,Punjab,,IDENTITY,1.0
172.0,172.0,Ferozpur,Ferozpur,Punjab,,IDENTITY,1.0
174.0,174.0,Bhatinda,Bhatinda,Punjab,,IDENTITY,1.0
175.0,175.0,Sangrur,Sangrur,Punjab,,IDENTITY,1.0
176.0,176.0,Patiala,Patiala,Punjab,,IDENTITY,1.0
177.0,177.0,Hissar,Hissar,Haryana,,IDENTITY,1.0
180.0,180.0,Gurgaon,Gurgaon,Haryana,,IDENTITY,1.0
181.0,181.0,Jind,Jind,Haryana,,IDENTITY,1.0
182.0,182.0,Mahendragarh / Narnaul,Mahendragarh,Haryana,,RENAME,1.0
183.0,183.0,Ambala,Ambala,Haryana,,IDENTITY,1.0
184.0,184.0,Karnal,Karnal,Haryana,,IDENTITY,1.0
186.0,186.0,Rohtak,Rohtak,Haryana,,IDENTITY,1.0
189.0,189.0,Saharanpur,Saharanpur,Uttar Pradesh,,IDENTITY,1.0
190.0,190.0,Muzaffarnagar,Muzaffarnagar,Uttar Pradesh,,IDENTITY,1.0
191.0,191.0,Meerut,Meerut,Uttar Pradesh,,IDENTITY,1.0
192.0,192.0,Buland Shahar,Buland Shahar,Uttar Pradesh,,IDENTITY,1.0
194.0,194.0,Aligarh,Aligarh,Uttar Pradesh,,IDENTITY,1.0
195.0,195.0,Mathura,Mathura,Uttar Pradesh,,IDENTITY,1.0
196.0,196.0,Agra,Agra,Uttar Pradesh,,IDENTITY,1.0
197.0,197.0,Mainpuri,Mainpuri,Uttar Pradesh,,IDENTITY,1.0
198.0,198.0,Etah,Etah,Uttar Pradesh,,IDENTITY,1.0
199.0,199.0,Bareilly,Bareilly,Uttar Pradesh,,IDENTITY,1.0
200.0,200.0,Budaun,Budaun,Uttar Pradesh,,IDENTITY,1.0
201.0,201.0,Moradabad,Moradabad,Uttar Pradesh,,IDENTITY,1.0
202.0,202.0,Shahjahanpur,Shahjahanpur,Uttar Pradesh,,IDENTITY,1.0
203.0,203.0,Pilibhit,Pilibhit,Uttar Pradesh,,IDENTITY,1.0
204.0,204.0,Rampur,Rampur,Uttar Pradesh,,IDENTITY,1.0
205.0,205.0,Bijnor,Bijnor,Uttar Pradesh,,IDENTITY,1.0
206.0,206.0,Farrukhabad,Farrukhabad,Uttar Pradesh,,IDENTITY,1.0
207.0,207.0,Etawah,Etawah,Uttar Pradesh,,IDENTITY,1.0
209.0,209.0,Fatehpur,Fatehpur,Uttar Pradesh,,IDENTITY,1.0
210.0,210.0,Allahabad,Allahabad,Uttar Pradesh,,IDENTITY,1.0
211.0,211.0,Jhansi,Jhansi,Uttar Pradesh,,IDENTITY,1.0
213.0,213.0,Jalaun,Jalaun,Uttar Pradesh,,IDENTITY,1.0
214.0,214.0,Hamirpur,Hamirpur,Uttar Pradesh,,IDENTITY,1.0
215.0,215.0,Banda,Banda,Uttar Pradesh,,IDENTITY,1.0
216.0,216.0,Varanasi,Varanasi,Uttar Pradesh,,IDENTITY,1.0
217.0,217.0,Mirzpur,Mirzpur,Uttar Pradesh,,IDENTITY,1.0
218.0,218.0,Jaunpur,Jaunpur,Uttar Pradesh,,IDENTITY,1.0
219.0,219.0,Ghazipur,Ghazipur,Uttar Pradesh,,IDENTITY,1.0
220.0,220.0,Ballia,Ballia,Uttar Pradesh,,IDENTITY,1.0
221.0,221.0,Gorakhpur,Gorakhpur,Uttar Pradesh,,IDENTITY,1.0
222.0,222.0,Deoria,Deoria,Uttar Pradesh,,IDENTITY,1.0
223.0,223.0,Basti,Basti,Uttar Pradesh,,IDENTITY,1.0
224.0,224.0,Azamgarh,Azamgarh,Uttar Pradesh,,IDENTITY,1.0
225.0,225.0,Lucknow,Lucknow,Uttar Pradesh,,IDENTITY,1.0
226.0,226.0,Unnao,Unnao,Uttar Pradesh,,IDENTITY,1.0
227.0,227.0,Rae-Bareily,Rae - Bareily,Uttar Pradesh,,RENAME,1.0
228.0,228.0,Sitapur,Sitapur,Uttar Pradesh,,IDENTITY,1.0
229.0,229.0,Hardoi,Hardoi,Uttar Pradesh,,IDENTITY,1.0
230.0,230.0,Kheri,Kheri,Uttar Pradesh,,IDENTITY,1.0
231.0,231.0,Faizabad,Faizabad,Uttar Pradesh,,IDENTITY,1.0
232.0,232.0,Gonda,Gonda,Uttar Pradesh,,IDENTITY,1.0
233.0,233.0,Bahraich,Bahraich,Uttar Pradesh,,IDENTITY,1.0
234.0,234.0,Sultanpur,Sultanpur,Uttar Pradesh,,IDENTITY,1.0
235.0,235.0,Pratapgarh,Pratapgarh,Uttar Pradesh,,IDENTITY,1.0
236.0,236.0,Barabanki,Barabanki,Uttar Pradesh,,IDENTITY,1.0
237.0,237.0,Nainital,Nainital,Uttarakhand,,IDENTITY,1.0
238.0,238.0,Almorah,Almorah,Uttarakhand,,IDENTITY,1.0
239.0,239.0,Pithorgarh,Pithorgarh,Uttarakhand,,IDENTITY,1.0
240.0,240.0,Chamoli,Chamoli,Uttarakhand,,IDENTITY,1.0
241.0,241.0,Uttar Kashi,Uttar Kashi,Uttarakhand,,IDENTITY,1.0
242.0,242.0,Tehri Garhwal,Tehri Garhwal,Uttarakhand,,IDENTITY,1.0
243.0,243.0,Garhwal,Garhwal,Uttarakhand,,IDENTITY,1.0
244.0,244.0,Dehradun,Dehradun,Uttarakhand,,IDENTITY,1.0
601.0,601.0,Cachar,Cachar,Assam,,IDENTITY,1.0
602.0,602.0,Darrang,Darrang,Assam,,IDENTITY,1.0
603.0,603.0,Dibrugarh,Dibrugarh,Assam,,IDENTITY,1.0
604.0,604.0,Goalpara,Goalpara,Assam,,IDENTITY,1.0
605.0,605.0,Kamrup,Kamrup,Assam,,IDENTITY,1.0
606.0,606.0,Karbi Anglong,Karbi Anglong,Assam,,IDENTITY,1.0
607.0,607.0,Lakhimpur,Lakhimpur,Assam,,IDENTITY,1.0
608.0,608.0,North Cachar Hil / Dima hasao,North Cachar Hil,Assam,,RENAME,1.0
609.0,609.0,Nagaon,Nagaon,Assam,,IDENTITY,1.0
610.0,610.0,Sibsagar,Sibsagar,Assam,,IDENTITY,1.0
626.0,626.0,Bilashpur,Bilashpur,Himachal Pradesh,,IDENTITY,1.0
627.0,627.0,Chamba,Chamba,Himachal Pradesh,,IDENTITY,1.0
629.0,629.0,Kangra,Kangra,Himachal Pradesh,,IDENTITY,1.0
630.0,630.0,Kinnaur,Kinnaur,Himachal Pradesh,,IDENTITY,1.0
631.0,631.0,Kullu,Kullu,Himachal Pradesh,,IDENTITY,1.0
632.0,632.0,Lahul & Spiti,Lahul & Spiti,Himachal Pradesh,,IDENTITY,1.0
633.0,633.0,Solan,Solan,Himachal Pradesh,,IDENTITY,1.0
634.0,634.0,Mandi,Mandi,Himachal Pradesh,,IDENTITY,1.0
635.0,635.0,Shimla,Shimla,Himachal Pradesh,,IDENTITY,1.0
636.0,636.0,Sirmaur,Sirmaur,Himachal Pradesh,,IDENTITY,1.0
651.0,651.0,Alappuzha,Alappuzha,Kerala,,IDENTITY,1.0
652.0,652.0,Kannur,Kannur,Kerala,,IDENTITY,1.0
653.0,653.0,Eranakulam,Eranakulam,Kerala,,IDENTITY,1.0
655.0,655.0,Kottayam,Kottayam,Kerala,,IDENTITY,1.0
656.0,656.0,Kozhikode,Kozhikode,Kerala,,IDENTITY,1.0
657.0,657.0,Malappuram,Malappuram,Kerala,,IDENTITY,1.0
658.0,658.0,Palakkad,Palakkad,Kerala,,IDENTITY,1.0
659.0,659.0,Kollam,Kollam,Kerala,,IDENTITY,1.0
660.0,660.0,Thrissur,Thrissur,Kerala,,IDENTITY,1.0
661.0,661.0,Thiruvananthapuram,Thiruvananthapuram,Kerala,,IDENTITY,1.0
701.0,701.0,Balasore,Balasore,Orissa,,IDENTITY,1.0
702.0,702.0,Bolangir,Bolangir,Orissa,,IDENTITY,1.0
703.0,703.0,Cuttack,Cuttack,Orissa,,IDENTITY,1.0
704.0,704.0,Dhenkanal,Dhenkanal,Orissa,,IDENTITY,1.0
705.0,705.0,Ganjam,Ganjam,Orissa,,IDENTITY,1.0
706.0,706.0,Kalahandi,Kalahandi,Orissa,,IDENTITY,1.0
707.0,707.0,Keonjhar,Keonjhar,Orissa,,IDENTITY,1.0
708.0,708.0,Koraput,Koraput,Orissa,,IDENTITY,1.0
709.0,709.0,Mayurbhanja,Mayurbhanja,Orissa,,IDENTITY,1.0
710.0,710.0,Phulbani ( Kandhamal ),Phulbani(Kandhamal),Orissa,,RENAME,1.0
711.0,711.0,Puri,Puri,Orissa,,IDENTITY,1.0
712.0,712.0,Sambalpur,Sambalpur,Orissa,,IDENTITY,1.0
713.0,713.0,Sundargarh,Sundargarh,Orissa,,IDENTITY,1.0
803.0,803.0,Nadia,Nadia,West Bengal,,IDENTITY,1.0
804.0,804.0,Murshidabad,Murshidabad,West Bengal,,IDENTITY,1.0
805.0,805.0,Burdwan,Burdwan,West Bengal,,IDENTITY,1.0
806.0,806.0,Birbhum,Birbhum,West Bengal,,IDENTITY,1.0
807.0,807.0,Bankura,Bankura,West Bengal,,IDENTITY,1.0
810.0,810.0,Hooghly,Hooghly,West Bengal,,IDENTITY,1.0
811.0,811.0,Howrah,Howrah,West Bengal,,IDENTITY,1.0
812.0,812.0,Jalpaiguri,Jalpaiguri,West Bengal,,IDENTITY,1.0
813.0,813.0,Darjeeling,Darjeeling,West Bengal,,IDENTITY,1.0
814.0,814.0,Malda,Malda,West Bengal,,IDENTITY,1.0
816.0,816.0,Cooch Behar,Cooch Behar,West Bengal,,IDENTITY,1.0
817.0,817.0,Purulia,Purulia,West Bengal,,IDENTITY,1.0
902.0,902.0,Muzaffarpur,Muzaffarpur,Bihar,,IDENTITY,1.0
903.0,903.0,Darbhanga,Darbhanga,Bihar,,IDENTITY,1.0
904.0,904.0,Saharsa,Saharsa,Bihar,,IDENTITY,1.0
905.0,905.0,Purnea,Purnea,Bihar,,IDENTITY,1.0
906.0,906.0,Saran,Saran,Bihar,,IDENTITY,1.0
907.0,907.0,Patna,Patna,Bihar,,IDENTITY,1.0
908.0,908.0,Mungair,Mungair,Bihar,,IDENTITY,1.0
909.0,909.0,Bhagalpur,Bhagalpur,Bihar,,IDENTITY,1.0
910.0,910.0,Santhal Paragana / Dumka,Santhal Paragana Dumka,Jharkhand,,RENAME,1.0
912.0,912.0,Gaya,Gaya,Bihar,,IDENTITY,1.0
913.0,913.0,Hazaribagh,Hazaribagh,Jharkhand,,IDENTITY,1.0
914.0,914.0,Dhanbad,Dhanbad,Jharkhand,,IDENTITY,1.0
915.0,915.0,Palamau,Palamau,Jharkhand,,IDENTITY,1.0
916.0,916.0,Ranchi,Ranchi,Jharkhand,,IDENTITY,1.0
64.0,,Bangalore,,Karnataka,,A_ONLY,0.5
95.0,,Bombay,,Maharashtra,,A_ONLY,0.5
208.0,,Kanpur,,Uttar Pradesh,,A_ONLY,0.5
800.0,,24 Parganas,,West Bengal,,A_ONLY,0.5
818.0,,Midnapur,,West Bengal,,A_ONLY,0.5
822.0,,West Dinajpur,,West Bengal,,A_ONLY,0.5
901.0,,Champaran,,Bihar,,A_ONLY,0.5
911.0,,Shahabad (now part of Bhojpur district),,Bihar,,A_ONLY,0.5
917.0,,Singhbhum,,Jharkhand,,A_ONLY,0.5
63.0,2101.0,Adilabad,Kumurambheem Asifabad,Telangana,2016.0,SPLIT,1.0
63.0,2102.0,Adilabad,Macherial,Telangana,2016.0,SPLIT,1.0
63.0,2103.0,Adilabad,Nirmal,Telangana,2016.0,SPLIT,1.0
62.0,2104.0,Karimnagar,Jagityal,Telangana,2016.0,SPLIT,1.0
62.0,2105.0,Karimnagar,Peddapally,Telangana,2016.0,SPLIT,1.0
62.0,2106.0,Karimnagar,Rajanna Siricilla,Telangana,2016.0,SPLIT,1.0
61.0,2107.0,Khammam,Bhadradri,Telangana,2016.0,SPLIT,1.0
58.0,2108.0,Mahabubnagar,Jogulamba,Telangana,2016.0,SPLIT,1.0
58.0,2109.0,Mahabubnagar,Nagarkurnool,Telangana,2016.0,SPLIT,1.0
58.0,2110.0,Mahabubnagar,Wanaparthy,Telangana,2016.0,SPLIT,1.0
58.0,2122.0,Mahabubnagar,Narayanpet,Telangana,2018.0,SPLIT,1.0
57.0,2115.0,Medak,Kamareddy,Telangana,2016.0,SPLIT,1.0
57.0,2111.0,Medak,Sangareddy,Telangana,2016.0,SPLIT,1.0
57.0,2112.0,Medak,Siddipet,Telangana,2016.0,SPLIT,1.0
59.0,2113.0,Nalgonda,Suryapet,Telangana,2016.0,SPLIT,1.0
59.0,2114.0,Nalgonda,Yadadri Bhuvanagiri,Telangana,2016.0,SPLIT,1.0
60.0,2119.0,Warangal,Janagaon,Telangana,2016.0,SPLIT,1.0
60.0,2118.0,Warangal,Jayashankar Bhuppaly,Telangana,2016.0,SPLIT,1.0
60.0,2121.0,Warangal,Mahabubabad,Telangana,2016.0,SPLIT,1.0
60.0,2120.0,Warangal,Warangal Urban,Telangana,2016.0,SPLIT,1.0
60.0,2123.0,Warangal,Mulugu,Telangana,2018.0,SPLIT,1.0
55.0,2116.0,Hyderabad,Malkaigiri,Telangana,2016.0,SPLIT,1.0
,173.0,,Faridkot,Punjab,1990.0,NEW_DISTRICT,0.7
,178.0,,Sirsa,Haryana,1990.0,NEW_DISTRICT,0.7
,179.0,,Bhiwani,Haryana,1990.0,NEW_DISTRICT,0.7
,185.0,,Kurukshetra,Haryana,1990.0,NEW_DISTRICT,0.7
,187.0,,Sonepat,Haryana,1990.0,NEW_DISTRICT,0.7
,188.0,,Faridabad,Haryana,1990.0,NEW_DISTRICT,0.7
,193.0,,Ghaziabad,Uttar Pradesh,1990.0,NEW_DISTRICT,0.7
,212.0,,Lalitpur,Uttar Pradesh,1990.0,NEW_DISTRICT,0.7
,501.0,,Rajnandgaon,Chhattisgarh,1990.0,NEW_DISTRICT,0.7
,502.0,,Bhopal,Madhya Pradesh,1990.0,NEW_DISTRICT,0.7
,503.0,,Vizianagaram,Andhra Pradesh,1990.0,NEW_DISTRICT,0.7
,504.0,,Prakasam,Andhra Pradesh,1990.0,NEW_DISTRICT,0.7
,506.0,,Dharmapuri,Tamil Nadu,1990.0,NEW_DISTRICT,0.7
,507.0,,Periyar(Erode),Tamil Nadu,1990.0,NEW_DISTRICT,0.7
,508.0,,Pudukkottai,Tamil Nadu,1990.0,NEW_DISTRICT,0.7
,509.0,,Dindigul Anna,Tamil Nadu,1990.0,NEW_DISTRICT,0.7
,510.0,,Virudhunagar Kamarajar,Tamil Nadu,1990.0,NEW_DISTRICT,0.7
,512.0,,Sivagangai Pasumpon,Tamil Nadu,1990.0,NEW_DISTRICT,0.7
,513.0,,Chidambanar Toothukudi,Tamil Nadu,1990.0,NEW_DISTRICT,0.7
,514.0,,Jalna,Maharashtra,1990.0,NEW_DISTRICT,0.7
,515.0,,Latur,Maharashtra,1990.0,NEW_DISTRICT,0.7
,516.0,,Gadchiroli,Maharashtra,1990.0,NEW_DISTRICT,0.7
,517.0,,Sindhudurg,Maharashtra,1990.0,NEW_DISTRICT,0.7
,518.0,,Gandhinagar,Gujarat,1990.0,NEW_DISTRICT,0.7
,519.0,,Dholpur,Rajasthan,1990.0,NEW_DISTRICT,0.7
,520.0,,Rangareddy,Telangana,1990.0,NEW_DISTRICT,0.7
,521.0,,Thiruvannamalai,Tamil Nadu,1990.0,NEW_DISTRICT,0.7
,523.0,,Yamunanagar,Haryana,1990.0,NEW_DISTRICT,0.7
,524.0,,Kaithal,Haryana,1990.0,NEW_DISTRICT,0.7
,525.0,,Panipat,Haryana,1990.0,NEW_DISTRICT,0.7
,526.0,,Rewari,Haryana,1990.0,NEW_DISTRICT,0.7
,527.0,,Haridwar,Uttarakhand,1990.0,NEW_DISTRICT,0.7
,528.0,,Firozabad,Uttar Pradesh,1990.0,NEW_DISTRICT,0.7
,529.0,,Sonbhadra,Uttar Pradesh,1990.0,NEW_DISTRICT,0.7
,530.0,,Mau,Uttar Pradesh,1990.0,NEW_DISTRICT,0.7
,531.0,,Mahrajgani,Uttar Pradesh,1990.0,NEW_DISTRICT,0.7
,532.0,,Sidharthnagar,Uttar Pradesh,1990.0,NEW_DISTRICT,0.7
,533.0,,Mahoba,Uttar Pradesh,1994.0,NEW_DISTRICT,0.7
,536.0,,Baran,Rajasthan,1990.0,NEW_DISTRICT,0.7
,537.0,,Dausa,Rajasthan,1990.0,NEW_DISTRICT,0.7
,538.0,,Rajsamand,Rajasthan,1990.0,NEW_DISTRICT,0.7
,539.0,,Hanumangarh,Rajasthan,1993.0,NEW_DISTRICT,0.7
,542.0,,Nagapattinam,Tamil Nadu,1992.0,NEW_DISTRICT,0.7
,543.0,,Villupuram,Tamil Nadu,1994.0,NEW_DISTRICT,0.7
,545.0,,Mansa,Punjab,1992.0,NEW_DISTRICT,0.7
,546.0,,Fatehgarh Sahib,Punjab,1992.0,NEW_DISTRICT,0.7
,547.0,,Kanpur Nagar,Uttar Pradesh,1990.0,NEW_DISTRICT,0.7
,548.0,,Kanpur Dehat,Uttar Pradesh,1990.0,NEW_DISTRICT,0.7
,549.0,,Bangalore(Rural),Karnataka,1990.0,NEW_DISTRICT,0.7
,550.0,,Bangalore(Urban),Karnataka,1990.0,NEW_DISTRICT,0.7
,615.0,,Barpeta,Assam,1990.0,NEW_DISTRICT,0.7
,616.0,,Dhubri,Assam,1990.0,NEW_DISTRICT,0.7
,617.0,,Golaghat,Assam,1990.0,NEW_DISTRICT,0.7
,618.0,,Jorhat,Assam,1990.0,NEW_DISTRICT,0.7
,619.0,,Karimganj,Assam,1990.0,NEW_DISTRICT,0.7
,620.0,,Kokrajhar,Assam,1990.0,NEW_DISTRICT,0.7
,621.0,,Nalbari,Assam,1990.0,NEW_DISTRICT,0.7
,622.0,,Sonitpur,Assam,1990.0,NEW_DISTRICT,0.7
,628.0,,Hamirpur,Himachal Pradesh,1990.0,NEW_DISTRICT,0.7
,637.0,,Una,Himachal Pradesh,1990.0,NEW_DISTRICT,0.7
,654.0,,Idukki,Kerala,1990.0,NEW_DISTRICT,0.7
,662.0,,Kasaragod,Kerala,1990.0,NEW_DISTRICT,0.7
,663.0,,Pathanamthitta,Kerala,1990.0,NEW_DISTRICT,0.7
,664.0,,Wayanad,Kerala,1990.0,NEW_DISTRICT,0.7
,714.0,,Bhadrak,Orissa,1995.0,NEW_DISTRICT,0.7
,716.0,,Jagatsinghapur,Orissa,1995.0,NEW_DISTRICT,0.7
,717.0,,Jajapur,Orissa,1995.0,NEW_DISTRICT,0.7
,718.0,,Kendrapara,Orissa,1995.0,NEW_DISTRICT,0.7
,719.0,,Angul,Orissa,1995.0,NEW_DISTRICT,0.7
,720.0,,Gajapati,Orissa,1995.0,NEW_DISTRICT,0.7
,721.0,,Nuapada,Orissa,1995.0,NEW_DISTRICT,0.7
,722.0,,Malkangiri,Orissa,1995.0,NEW_DISTRICT,0.7
,723.0,,Nawarangpur,Orissa,1995.0,NEW_DISTRICT,0.7
,724.0,,Rayagada,Orissa,1995.0,NEW_DISTRICT,0.7
,725.0,,Khurda,Orissa,1995.0,NEW_DISTRICT,0.7
,726.0,,Nayagarh,Orissa,1995.0,NEW_DISTRICT,0.7
,728.0,,Boudh,Orissa,1995.0,NEW_DISTRICT,0.7
,729.0,,Bargarh,Orissa,1995.0,NEW_DISTRICT,0.7
,730.0,,Deogarh,Orissa,1995.0,NEW_DISTRICT,0.7
,731.0,,Jharsuguda,Orissa,1995.0,NEW_DISTRICT,0.7
,732.0,,Sonepur,Orissa,1995.0,NEW_DISTRICT,0.7
,801.0,,24 - Paraganas South,West Bengal,1990.0,NEW_DISTRICT,0.7
,802.0,,24 - Paraganas North,West Bengal,1990.0,NEW_DISTRICT,0.7
,815.0,,Kalimpong,West Bengal,2016.0,NEW_DISTRICT,0.7
,819.0,,Uttar Dinajpur,West Bengal,1996.0,NEW_DISTRICT,0.7
,820.0,,Dakshin Dinajpur,West Bengal,1996.0,NEW_DISTRICT,0.7
,821.0,,Kolkata,West Bengal,,NEW_DISTRICT,0.7
,823.0,,East Midnapore Purba Midnapore,West Bengal,1990.0,NEW_DISTRICT,0.7
,824.0,,West Midnapore,West Bengal,1990.0,NEW_DISTRICT,0.7
,918.0,,Nalanda,Bihar,1990.0,NEW_DISTRICT,0.7
,919.0,,Nawada,Bihar,1990.0,NEW_DISTRICT,0.7
,920.0,,Aurangabad,Bihar,1990.0,NEW_DISTRICT,0.7
,921.0,,Bhojpur,Bihar,1990.0,NEW_DISTRICT,0.7
,922.0,,Rohtas,Bihar,1990.0,NEW_DISTRICT,0.7
,923.0,,Siwan,Bihar,1990.0,NEW_DISTRICT,0.7
,924.0,,Gopalganj,Bihar,1990.0,NEW_DISTRICT,0.7
,925.0,,Champaran(East),Bihar,1990.0,NEW_DISTRICT,0.7
,926.0,,Champaran(West),Bihar,1990.0,NEW_DISTRICT,0.7
,927.0,,Vaishali,Bihar,1990.0,NEW_DISTRICT,0.7
,928.0,,Sitamarhi,Bihar,1990.0,NEW_DISTRICT,0.7
,929.0,,Madhubani,Bihar,1990.0,NEW_DISTRICT,0.7
,930.0,,Samastipur,Bihar,1990.0,NEW_DISTRICT,0.7
,931.0,,Begusarai,Bihar,1990.0,NEW_DISTRICT,0.7
,932.0,,Katihar,Bihar,1990.0,NEW_DISTRICT,0.7
,933.0,,Giridih,Jharkhand,1990.0,NEW_DISTRICT,0.7
,934.0,,Jehanabad,Bihar,1990.0,NEW_DISTRICT,0.7
,935.0,,Madhepura,Bihar,1990.0,NEW_DISTRICT,0.7
,936.0,,Khagaria,Bihar,1990.0,NEW_DISTRICT,0.7
,937.0,,Godda,Jharkhand,1990.0,NEW_DISTRICT,0.7
,938.0,,Sahebganj,Jharkhand,1990.0,NEW_DISTRICT,0.7
,940.0,,Devghar Deogarh,Jharkhand,1990.0,NEW_DISTRICT,0.7
,941.0,,Lohardagga,Jharkhand,1990.0,NEW_DISTRICT,0.7
,942.0,,Gumla,Jharkhand,1990.0,NEW_DISTRICT,0.7
,943.0,,Singhbhum East,Jharkhand,1990.0,NEW_DISTRICT,0.7
,944.0,,Singhbhum West,Jharkhand,1990.0,NEW_DISTRICT,0.7
,945.0,,Araria,Bihar,1990.0,NEW_DISTRICT,0.7
,946.0,,Kishanganj,Bihar,1990.0,NEW_DISTRICT,0.7
,947.0,,Buxar,Bihar,1992.0,NEW_DISTRICT,0.7
,948.0,,Bhabhua Kaimur,Bihar,1992.0,NEW_DISTRICT,0.7
,949.0,,Banka,Bihar,1992.0,NEW_DISTRICT,0.7
,950.0,,Jamui,Bihar,1992.0,NEW_DISTRICT,0.7
,951.0,,Supaul,Bihar,1992.0,NEW_DISTRICT,0.7
,952.0,,Chatra,Jharkhand,1992.0,NEW_DISTRICT,0.7
,953.0,,Bokaro,Jharkhand,1992.0,NEW_DISTRICT,0.7
,954.0,,Gadva Garhwa,Jharkhand,1992.0,NEW_DISTRICT,0.7
,955.0,,Khodrama Koderma,Jharkhand,1997.0,NEW_DISTRICT,0.7
,956.0,,Lakhisarai,Bihar,1996.0,NEW_DISTRICT,0.7
,957.0,,Pakund Pakur,Jharkhand,1997.0,NEW_DISTRICT,0.7
,958.0,,Sheikapura,Bihar,1996.0,NEW_DISTRICT,0.7
,960.0,,Sheohar,Bihar,1996.0,NEW_DISTRICT,0.7
,961.0,,Arwal,Bihar,2003.0,NEW_DISTRICT,0.7
,962.0,,Jamtara,Jharkhand,2001.0,NEW_DISTRICT,0.7
,963.0,,Latehar,Jharkhand,2000.0,NEW_DISTRICT,0.7
,964.0,,Sariakela Kharsawan,Jharkhand,2001.0,NEW_DISTRICT,0.7
,965.0,,Simdega,Jharkhand,2001.0,NEW_DISTRICT,0.7
,999.0,,Chennai,Tamil Nadu,2018.0,NEW_DISTRICT,0.7
,1001.0,,Anand,Gujarat,2000.0,NEW_DISTRICT,0.7
,1002.0,,Dahod,Gujarat,2000.0,NEW_DISTRICT,0.7
,1003.0,,Narmada,Gujarat,2000.0,NEW_DISTRICT,0.7
,1004.0,,Navsari,Gujarat,2000.0,NEW_DISTRICT,0.7
,1005.0,,Patan,Gujarat,2000.0,NEW_DISTRICT,0.7
,1006.0,,Porbandar,Gujarat,2000.0,NEW_DISTRICT,0.7
,1007.0,,Fatehabad,Haryana,1997.0,NEW_DISTRICT,0.7
,1008.0,,Jhajjar,Haryana,1997.0,NEW_DISTRICT,0.7
,1009.0,,Panchkula,Haryana,1995.0,NEW_DISTRICT,0.7
,1010.0,,Bagalkote,Karnataka,1998.0,NEW_DISTRICT,0.7
,1011.0,,Chamaraja Nagar,Karnataka,1998.0,NEW_DISTRICT,0.7
,1012.0,,Davanagere,Karnataka,1998.0,NEW_DISTRICT,0.7
,1013.0,,Gadag,Karnataka,1998.0,NEW_DISTRICT,0.7
,1014.0,,Haveri,Karnataka,1998.0,NEW_DISTRICT,0.7
,1015.0,,Koppal,Karnataka,1998.0,NEW_DISTRICT,0.7
,1016.0,,Udupi,Karnataka,1998.0,NEW_DISTRICT,0.7
,1017.0,,S.B.S Nagar,Punjab,1995.0,NEW_DISTRICT,0.7
,1018.0,,Shri Mukatsar Sahib,Punjab,1995.0,NEW_DISTRICT,0.7
,1019.0,,Moga,Punjab,1995.0,NEW_DISTRICT,0.7
,1020.0,,Karoli,Rajasthan,1997.0,NEW_DISTRICT,0.7
,1022.0,,Karur,Tamil Nadu,1996.0,NEW_DISTRICT,0.7
,1023.0,,Namakkal,Tamil Nadu,1996.0,NEW_DISTRICT,0.7
,1024.0,,Perambular,Tamil Nadu,1996.0,NEW_DISTRICT,0.7
,1025.0,,Theni,Tamil Nadu,1996.0,NEW_DISTRICT,0.7
,1026.0,,Tiruvarur,Tamil Nadu,1996.0,NEW_DISTRICT,0.7
,1027.0,,Thiruvallur,Tamil Nadu,1996.0,NEW_DISTRICT,0.7
,1028.0,,Ambedkar Nagar,Uttar Pradesh,1995.0,NEW_DISTRICT,0.7
,1029.0,,Kushi Nagar Padrauna,Uttar Pradesh,1994.0,NEW_DISTRICT,0.7
,1030.0,,Udham Singh Nagar,Uttarakhand,1996.0,NEW_DISTRICT,0.7
,1031.0,,Auraiya,Uttar Pradesh,1997.0,NEW_DISTRICT,0.7
,1032.0,,Bageshwar,Uttarakhand,1998.0,NEW_DISTRICT,0.7
,1033.0,,Bagpat,Uttar Pradesh,1997.0,NEW_DISTRICT,0.7
,1034.0,,Balrampur,Uttar Pradesh,1997.0,NEW_DISTRICT,0.7
,1035.0,,Champavat,Uttarakhand,1998.0,NEW_DISTRICT,0.7
,1036.0,,Chandauli,Uttar Pradesh,1997.0,NEW_DISTRICT,0.7
,1037.0,,Chitrakoot,Uttar Pradesh,1997.0,NEW_DISTRICT,0.7
,1038.0,,G.B.Nagar,Uttar Pradesh,1997.0,NEW_DISTRICT,0.7
,1039.0,,Hathras,Uttar Pradesh,1997.0,NEW_DISTRICT,0.7
,1040.0,,Amroha J.B.Fulenagar,Uttar Pradesh,1997.0,NEW_DISTRICT,0.7
,1041.0,,Kannauj,Uttar Pradesh,1997.0,NEW_DISTRICT,0.7
,1042.0,,Kushambi,Uttar Pradesh,1997.0,NEW_DISTRICT,0.7
,1043.0,,Rudraprayag,Uttarakhand,1997.0,NEW_DISTRICT,0.7
,1044.0,,Santh Ravi Das Nagar Bhadoi,Uttar Pradesh,1994.0,NEW_DISTRICT,0.7
,1045.0,,Santh Kabir Nagar,Uttar Pradesh,1997.0,NEW_DISTRICT,0.7
,1046.0,,Shravasti,Uttar Pradesh,1997.0,NEW_DISTRICT,0.7
,1047.0,,Bongaigaon,Assam,1990.0,NEW_DISTRICT,0.7
,1048.0,,Dhemaji,Assam,1990.0,NEW_DISTRICT,0.7
,1049.0,,Hailakandi,Assam,1990.0,NEW_DISTRICT,0.7
,1050.0,,Marigaon,Assam,1990.0,NEW_DISTRICT,0.7
,1051.0,,Tinsukia,Assam,1990.0,NEW_DISTRICT,0.7
,1055.0,,Dantewara,Chhattisgarh,1998.0,NEW_DISTRICT,0.7
,1056.0,,Dhamtari,Chhattisgarh,1998.0,NEW_DISTRICT,0.7
,1057.0,,Dindori,Madhya Pradesh,1998.0,NEW_DISTRICT,0.7
,1058.0,,Harda,Madhya Pradesh,1998.0,NEW_DISTRICT,0.7
,1059.0,,Janjgir,Chhattisgarh,1998.0,NEW_DISTRICT,0.7
,1060.0,,Barwani,Madhya Pradesh,1998.0,NEW_DISTRICT,0.7
,1061.0,,Katni,Madhya Pradesh,1998.0,NEW_DISTRICT,0.7
,1062.0,,Neemuch,Madhya Pradesh,1998.0,NEW_DISTRICT,0.7
,1063.0,,Sheopur Kalan,Madhya Pradesh,1998.0,NEW_DISTRICT,0.7
,1064.0,,Umaria,Madhya Pradesh,1998.0,NEW_DISTRICT,0.7
,1065.0,,Koriya,Chhattisgarh,1998.0,NEW_DISTRICT,0.7
,1066.0,,Jashpur,Chhattisgarh,1998.0,NEW_DISTRICT,0.7
,1067.0,,Korba,Chhattisgarh,1998.0,NEW_DISTRICT,0.7
,1068.0,,Kawardha,Chhattisgarh,1998.0,NEW_DISTRICT,0.7
,1069.0,,Mahasmund,Chhattisgarh,1998.0,NEW_DISTRICT,0.7
,1070.0,,Kanker,Chhattisgarh,1998.0,NEW_DISTRICT,0.7
,1071.0,,Anuppur,Madhya Pradesh,2003.0,NEW_DISTRICT,0.7
,1072.0,,Gondia,Maharashtra,1999.0,NEW_DISTRICT,0.7
,1073.0,,Hingoli,Maharashtra,1999.0,NEW_DISTRICT,0.7
,1074.0,,Nandurbar,Maharashtra,1998.0,NEW_DISTRICT,0.7
,1075.0,,Washim,Maharashtra,1998.0,NEW_DISTRICT,0.7
,1076.0,,Mumbai sub,Maharashtra,2016.0,NEW_DISTRICT,0.7
,1077.0,,Ariyalur,Tamil Nadu,2008.0,NEW_DISTRICT,0.7
,1080.0,,Krishnagiri,Tamil Nadu,2003.0,NEW_DISTRICT,0.7
,1081.0,,Ashoknagar,Madhya Pradesh,2003.0,NEW_DISTRICT,0.7
,1082.0,,Burhanpur,Madhya Pradesh,2003.0,NEW_DISTRICT,0.7
,2001.0,,Tapi,Gujarat,2007.0,NEW_DISTRICT,0.7
,2002.0,,Mewat,Haryana,2005.0,NEW_DISTRICT,0.7
,2003.0,,Palwal,Haryana,2008.0,NEW_DISTRICT,0.7
,2004.0,,Ramanagaram,Karnataka,2007.0,NEW_DISTRICT,0.7
,2005.0,,Chikkaballapur,Karnataka,2007.0,NEW_DISTRICT,0.7
,2006.0,,Alirajpur,Madhya Pradesh,2008.0,NEW_DISTRICT,0.7
,2007.0,,Singrauli,Madhya Pradesh,2008.0,NEW_DISTRICT,0.7
,2009.0,,Taran Taran,Punjab,2005.0,NEW_DISTRICT,0.7
,2010.0,,Barnala,Punjab,2006.0,NEW_DISTRICT,0.7
,2011.0,,S.A.S Nagar,Punjab,2005.0,NEW_DISTRICT,0.7
,2012.0,,Pratapgarh,Rajasthan,2008.0,NEW_DISTRICT,0.7
,2013.0,,Kasganj Khansi Ram Nagar,Uttar Pradesh,2008.0,NEW_DISTRICT,0.7
,2014.0,,Bijapur,Chhattisgarh,2007.0,NEW_DISTRICT,0.7
,2015.0,,Narayanpur,Chhattisgarh,2007.0,NEW_DISTRICT,0.7
,2017.0,,Udalguri,Assam,2005.0,NEW_DISTRICT,0.7
,2018.0,,Baksa,Assam,2005.0,NEW_DISTRICT,0.7
,2019.0,,Chirang,Assam,2005.0,NEW_DISTRICT,0.7
,2020.0,,Thiruppur,Tamil Nadu,2008.0,NEW_DISTRICT,0.7
,2023.0,,Khunti,Jharkhand,2008.0,NEW_DISTRICT,0.7
,2024.0,,Ramgadh,Jharkhand,2008.0,NEW_DISTRICT,0.7
,2025.0,,Yadagiri,Karnataka,2010.0,NEW_DISTRICT,0.7
,2026.0,,Amethi C.S.M.Nagar,Uttar Pradesh,2010.0,NEW_DISTRICT,0.7
,2027.0,,Mumbai City,Maharashtra,1990.0,NEW_DISTRICT,0.7
,2028.0,,Kamrup(Metro),Assam,2005.0,NEW_DISTRICT,0.7
,2030.0,,Pathankot,Punjab,2011.0,NEW_DISTRICT,0.7
,2031.0,,Sambhal,Uttar Pradesh,2011.0,NEW_DISTRICT,0.7
,2032.0,,Shamli,Uttar Pradesh,2011.0,NEW_DISTRICT,0.7
,2033.0,,Hapur,Uttar Pradesh,2011.0,NEW_DISTRICT,0.7
,2034.0,,Balod,Chhattisgarh,2011.0,NEW_DISTRICT,0.7
,2035.0,,Baloda Bazar,Chhattisgarh,2011.0,NEW_DISTRICT,0.7
,2036.0,,Balrampur,Chhattisgarh,2011.0,NEW_DISTRICT,0.7
,2037.0,,Bemetra,Chhattisgarh,2011.0,NEW_DISTRICT,0.7
,2038.0,,Gariaband,Chhattisgarh,2011.0,NEW_DISTRICT,0.7
,2039.0,,Kondagaon,Chhattisgarh,2011.0,NEW_DISTRICT,0.7
,2040.0,,Mungli,Chhattisgarh,2011.0,NEW_DISTRICT,0.7
,2041.0,,Sukma,Chhattisgarh,2011.0,NEW_DISTRICT,0.7
,2042.0,,Surajpur,Chhattisgarh,2011.0,NEW_DISTRICT,0.7
,2043.0,,Fazilka,Punjab,2011.0,NEW_DISTRICT,0.7
,2044.0,,Biswanath,Assam,,NEW_DISTRICT,0.7
,2045.0,,Charaideo,Assam,,NEW_DISTRICT,0.7
,2046.0,,Hojai,Assam,,NEW_DISTRICT,0.7
,2047.0,,Majuli,Assam,,NEW_DISTRICT,0.7
,2048.0,,South Salmara - Mankachar,Assam,,NEW_DISTRICT,0.7
,2049.0,,West Karbi Anglong,Assam,,NEW_DISTRICT,0.7
,2050.0,,Aravalli,Gujarat,2014.0,NEW_DISTRICT,0.7
,2051.0,,Botad,Gujarat,2014.0,NEW_DISTRICT,0.7
,2052.0,,Chhota Udaipur,Gujarat,2014.0,NEW_DISTRICT,0.7
,2053.0,,Devbhoomi Dwarka,Gujarat,2014.0,NEW_DISTRICT,0.7
,2054.0,,Gir Somnath,Gujarat,2014.0,NEW_DISTRICT,0.7
,2055.0,,Mahi Sagar,Gujarat,2014.0,NEW_DISTRICT,0.7
,2056.0,,Morbi,Gujarat,2014.0,NEW_DISTRICT,0.7
,2057.0,,Charkhi Dadri,Haryana,2016.0,NEW_DISTRICT,0.7
,2058.0,,Agar Malwa,Madhya Pradesh,2013.0,NEW_DISTRICT,0.7
,2059.0,,Palghar,Maharashtra,2014.0,NEW_DISTRICT,0.7
,2060.0,,Alipurduar,West Bengal,2016.0,NEW_DISTRICT,0.7
,2061.0,,Jhargram,West Bengal,2016.0,NEW_DISTRICT,0.7
,2063.0,,Paschim Bardhaman,West Bengal,2016.0,NEW_DISTRICT,0.7
,2117.0,,Vikarabad,Telangana,2016.0,NEW_DISTRICT,0.7
,2124.0,,Tenkasi,Tamil Nadu,2019.0,NEW_DISTRICT,0.7
,2125.0,,Kallakurichi,Tamil Nadu,2019.0,NEW_DISTRICT,0.7
,2126.0,,Tirupattur,Tamil Nadu,2019.0,NEW_DISTRICT,0.7
,2127.0,,Ranipet,Tamil Nadu,2019.0,NEW_DISTRICT,0.7
,2128.0,,Chengalpattu,Tamil Nadu,2019.0,NEW_DISTRICT,0.7
,2129.0,,Mayiladuthurai,Tamil Nadu,,NEW_DISTRICT,0.7
,2130.0,,Gaurela-Pendra-Marwahi?,Chhattisgarh,2019.0,NEW_DISTRICT,0.7
,2131.0,,Niwari,Madhya Pradesh,2018.0,NEW_DISTRICT,0.7
